"S.N.","Code","Abbr","Name","City","Mount Type","Capacity (kWp)","Day Generation (kWh)","Day Yield (kWh/kWp)","Day Est. Irradiation (kWh/mÂ²)","Performance Ratio (%)"
"1","10001","WAG2","Walmart Agra-2","Agra","rooftop","297","...","...","...","..."
"2","10002","WAS","Walmart Amritsar","Amritsar","rooftop","359","...","...","...","..."
"3","10003","WAZ","Walmart Zirakpur","Zirakpur","rooftop","353","...","...","...","..."
"4","10004","WAG1","Walmart Agra 1","Agra","rooftop","370","...","...","...","..."
"5","10005","WAK","Walmart Kota","Kota","rooftop","340","...","...","...","..."
"6","10006","WAM","Walmart Meerut","Meerut","rooftop","357","...","...","...","..."
"7","10009","WGT","Walmart Guntur","Guntur","rooftop","284","...","...","...","..."
"8","10011","WAL","Walmart Ludhiana","Ludhiana","rooftop","227","...","...","...","..."
"9","10012","WAJ","Walmart Jalandhar","Jalandhar","rooftop","302","...","...","...","..."
"10","10013","WAI","Walmart Indore","Indore","rooftop","218","...","...","...","..."
"11","10015","WBH2","Walmart Bhopal2","Bhopal","rooftop","238","...","...","...","..."
"12","10016","VLH","Vatika Lifestyles Homes","Gurgaon","rooftop","70.56","...","...","...","..."
"13","10017","VG21","Vatika G21","Gurgaon","rooftop","53.94","...","...","...","..."
"14","10018","VC","Vatika City","Gurgaon","rooftop","272","...","...","...","..."
"15","10020","FG","Fortis Gurgaon","Gurgaon","rooftop","65.5","...","...","...","..."
"16","10021","CPWD_GSI","CPWD GSI","Bhubhaneshwar","rooftop","97.5","...","...","...","..."
"17","10022","CPWD_BTLB","CPWD Bantalab","Jammu","rooftop","162","...","...","...","..."
"18","10023","CPWD_AGO","CPWD AG Office","Jammu","rooftop","91.7","...","...","...","..."
"19","10024","D3","Dominos Kolkata","Sandhipur","rooftop","202","...","...","...","..."
"20","10025","WP","Whirlpool","Pune","rooftop","998","...","...","...","..."
"21","10027","HB","Halliburton Offshore Inc - Taloja","Raigad","rooftop","202","...","...","...","..."
"22","10029","YN","Yamaha Noida","Noida","rooftop","4133","...","...","...","..."
"23","10031","SI","Showa India","Faridabad","rooftop","1302","...","...","...","..."
"24","10032","CPWD_STWR","CPWD Satwari","Jammu","rooftop","45.8","...","...","...","..."
"25","10034","DMAS1","D-Mart Solapur 1","Solapur","rooftop","214","...","...","...","..."
"26","10035","DMAS2","D-Mart Solapur 2","Solapur","rooftop","132","...","...","...","..."
"27","10036","DMAK","D-Mart Kolhapur","Kolhapur","rooftop","94.5","...","...","...","..."
"28","10037","GAC","Garg Acrylics","Ludhiana","rooftop","56.7","...","...","...","..."
"29","10038","CPWD_PT","CPWD  Pokhariput","Bhubhaneshwar","rooftop","25.5","...","...","...","..."
"30","10039","CPWD_RMNH","CPWD RMNH Bhubaneshwar","Bhubhaneshwar","rooftop","199","...","...","...","..."
"31","10040","CPWD_KP","CPWD Koraput","Koraput","rooftop","199","...","...","...","..."
"32","10041","NRRI","National Rice Research Institute","Cuttack","rooftop","239","...","...","...","..."
"33","10042","HAL","HAL Bangalore","Bangalore","ground","3846.6","...","...","...","..."
"34","10043","WAR","Walmart Raipur","Raipur","rooftop","151","...","...","...","..."
"35","10044","R4","GHR Education Foundation Society","Jalgaon","rooftop","75","...","...","...","..."
"36","10045","R5","Raisoni 5","Savkheda","rooftop","30","...","...","...","..."
"37","10046","R6","Raisoni 6","Anjangaon","rooftop","25","...","...","...","..."
"38","10047","R7","Raisoni 7","Nagpur","rooftop","18.75","...","...","...","..."
"39","10048","R8","Raisoni 8","Nagpur","rooftop","113","...","...","...","..."
"40","10049","R9","Raisoni 9","Ahmednagar","rooftop","50","...","...","...","..."
"41","10050","AX","ALEX","Bikaner","ground","5945.08","...","...","...","..."
"42","10052","IT","Intel","Bangalore","rooftop","517.7","...","...","...","..."
"43","10053","TVS","TVS Hosur","Hosur","rooftop","995","...","...","...","..."
"44","10054","AM","Amway Dindigul","Madurai","rooftop","769","...","...","...","..."
"45","10055","DMRC","DMRC Delhi","South West Delhi","rooftop","501","...","...","...","..."
"46","10056","NL","Nerolac Hosur","Hosur","rooftop","92.4","...","...","...","..."
"47","10057","GE_GN","Govt. Engineering","Gandhinagar","rooftop","318.9","...","...","...","..."
"48","10058","STC_GN","STC","Gandhinagar","rooftop","43.2","...","...","...","..."
"49","10059","GYM_GN","Gymkhana","Gandhinagar","rooftop","99.7","...","...","...","..."
"50","10060","GSC_GN","Govt. Science College","Gandhinagar","rooftop","99.9","...","...","...","..."
"51","10061","GAC_GN","Govt. Arts College","Gandhinagar","rooftop","80.64","...","...","...","..."
"52","10063","HSS_16_GN","HSS-16","Gandhinagar","rooftop","64.8","...","...","...","..."
"53","10065","GH_GN","Govt. Hostel","Gandhinagar","rooftop","20.4","...","...","...","..."
"54","10066","GERI_GN","GERI","Gandhinagar","rooftop","41.35","...","...","...","..."
"55","10069","SWDC_GN","SWDC","Gandhinagar","rooftop","58.59","...","...","...","..."
"56","10070","GCC_GN","Govt. Commerce College","Gandhinagar","rooftop","60.48","...","...","...","..."
"57","10072","LOK_GN","Lokayukt","Gandhinagar","rooftop","60.48","...","...","...","..."
"58","10074","TRP","Torrent (overall)","Gandhinagar","rooftop","244.16","...","...","...","..."
"59","10075","SC","Standard Chartered - Tamil Nadu","Chennai","rooftop","97.3","...","...","...","..."
"60","10076","R1","Raisoni 1 Maharashtra","Nagpur","rooftop","75.6","...","...","...","..."
"61","10077","R2","Raisoni 2","Nagpur","rooftop","21.6","...","...","...","..."
"62","10078","HI","Hilton Shillim Estate - Pune","Lonavala","rooftop","246","...","...","...","..."
"63","10079","D1","Dominos- Mumbai","Mumbai","rooftop","202","...","...","...","..."
"64","10080","R3","Raisoni 3 Maharashtra","Pune","rooftop","76.9","...","...","...","..."
"65","10081","UK1","UPCL 1 Rudrapur","Udham Singh Nagar","rooftop","153","...","...","...","..."
"66","10082","UK2","UPCL 2 Lalpur","Udham Singh Nagar","rooftop","256","...","...","...","..."
"67","10083","IN1","Origami Nagpur 1","Nagpur","rooftop","196","...","...","...","..."
"68","10084","D2","Dominos- Nagpur","Nagpur","rooftop","126","...","...","...","..."
"69","10085","RTP","Rajadhok Toll Plaza","Jaipur","rooftop","22.68","...","...","...","..."
"70","10086","RH","Royal Heritage Pune","Pune","rooftop","214","...","...","...","..."
"71","10087","OG","Origami Bengaluru","Bangalore","rooftop","151.2","...","...","...","..."
"72","10088","BO","Botil Gurgaon","Gurgaon","rooftop","108","...","...","...","..."
"73","10090","VBP","Vatika Business Park","Gurgaon","rooftop","99.2","...","...","...","..."
"74","10091","FF","Fortis Faridabad","Faridabad","rooftop","50.4","...","...","...","..."
"75","10093","RS","Roop Sohna","Sohna","rooftop","88.32","...","...","...","..."
"76","10094","RM","Roop Manesar","Manesar","rooftop","57.6","...","...","...","..."
"77","10095","HT","HT Media Greater Noida","Noida","rooftop","499","...","...","...","..."
"78","10097","IEML","IEML","Noida","rooftop","2515.2","...","...","...","..."
"79","10098","CPWD_NYPLL","CPWD Nayapalli","Nayapalli","rooftop","106","...","...","...","..."
"80","10099","NK","Nayaka","Chitradurga","ground","43485.4","...","...","...","..."
"81","10100","STP","Siwaya Toll Plaza","Meerut","rooftop","83.2","...","...","...","..."
"82","10101","NAP","Netaji Apparel Park","New Tiruppur","ground","3298","...","...","...","..."
"83","10102","ARJ","Arjun","Tadepalli","ground","2204","...","...","...","..."
"84","10103","LT","LT Foods","Bahalgarh","rooftop","438.2","...","...","...","..."
"85","10104","NB","Nature Bio","Sonipat","rooftop","130","...","...","...","..."
"86","10109","MCC_U","MCC Uppal","Hyderabad","rooftop","296","...","...","...","..."
"87","10110","MCC_S","MCC Shamshabad","Hyderabad","rooftop","496","...","...","...","..."
"88","10111","MCC_M","MCC Moosapet","Hyderabad","rooftop","511","...","...","...","..."
"89","10112","MCC_K","MCC Kolkata","Kolkata","rooftop","429","...","...","...","..."
"90","10114","MCC_Z","MCC Zirakpur","Zirakpur","rooftop","278","...","...","...","..."
"91","10116","CPWD_SVNTR","CPWD SVNIRTAR","Olatpur","rooftop","157","...","...","...","..."
"92","10117","VMS","Vatika - Matrikiran Jr. School","Gurgaon","rooftop","10","...","...","...","..."
"93","10120","AH","Andritz Hydro","Pirthla","rooftop","102","...","...","...","..."
"94","10122","CKM","CK Motherson","Rewari","rooftop","507","...","...","...","..."
"95","10125","MCC_A","MCC Amritsar","Amritsar","rooftop","230","...","...","...","..."
"96","10126","MCC_J","MCC Jalandhar","Jalandhar","rooftop","307","...","...","...","..."
"97","10127","VR","Veera","Gadag","ground","185181.8","...","...","...","..."
"98","10129","DLSI","DLSI","Bahalgarh","rooftop","96","...","...","...","..."
"99","18001","MRIU","Manav Rachna International University","Faridabad","rooftop","170","...","...","...","..."
"100","18002","MRU","Manav Rachna University","Faridabad","rooftop","68.8","...","...","...","..."
"101","18003","MRDC","Manav Rachna Dental College","Faridabad","rooftop","62.1","...","...","...","..."
"102","18004","MMB","Magneti Marelli Motherson Bawal","Bawal","rooftop","198","...","...","...","..."
"103","18005","SITT","Siddaganga Institute of Technology Tumkur","Tumkur","rooftop","364.6","...","...","...","..."
"104","18008","YN2","Yamaha Noida 2","Noida","rooftop","2059","...","...","...","..."
"105","18010","PDPL","Palava Dwellers Pvt Ltd","Mumbai","ground","1404","...","...","...","..."
"106","18011","BSS_S","BSS Sikar","Sikar","rooftop","97.3","...","...","...","..."
"107","18013","AIS","Asahi India Glass Limited","Roorkee","rooftop","3672","...","...","...","..."
"108","18014","SSJ","Shikshantar School","Gurgaon","rooftop","88","...","...","...","..."
"109","18016","BNCET","BN College of Engineering And Technology","Lucknow","rooftop","104","...","...","...","..."
"110","18017","IMS_UC","Institute of Management Studies - University Campus","Ghaziabad","rooftop","13","...","...","...","..."
"111","18018","IMS_LK","Institute of Management Studies - Lal Kuan","Ghaziabad","rooftop","57.6","...","...","...","..."
"112","18019","IMS_EC","Institute of Management Studies - Engineering College","Ghaziabad","rooftop","186","...","...","...","..."
"113","18020","HT_M","HT Media Mumbai","Mumbai","rooftop","448","...","...","...","..."
"114","18021","MAT","Matrikiran","Gurgaon","rooftop","75.5","...","...","...","..."
"115","18022","MAX","MAX Speciality Films","Nawanshahr","rooftop","832","...","...","...","..."
"116","18024","GMCH","GMCH Udaipur","Udaipur","rooftop","800","...","...","...","..."
"117","18026","SYN_D","Synergy Dhenkanal","Dhenkanal","rooftop","125","...","...","...","..."
"118","18027","SYN_B","Synergy Bhubhaneshwar","Bhubhaneshwar","rooftop","98.6","...","...","...","..."
"119","18028","YM_CP","Yamaha Carport","Noida","rooftop","108","...","...","...","..."
"120","18029","GITS","Geetanjali Institute of Technical Studies","Udaipur","rooftop","205","...","...","...","..."
"121","18030","AM_HYD","Amazon Hyderabad","Hyderabad","rooftop","1014","...","...","...","..."
"122","18031","ASN","AISIN","Bangalore","rooftop","950","...","...","...","..."
"123","18032","CRWS","Central Railways Workshop","Bhopal","rooftop","541","...","...","...","..."
"124","18033","TVS","TVS  HOSUR -2","HOSUR","rooftop","780","...","...","...","..."
"125","18034","SGRR","Shri Guru Ram Rai University","Dehradun","rooftop","426","...","...","...","..."
"126","18035","TIS_M","Tagore International School - Mansarovar","Jaipur","rooftop","132","...","...","...","..."
"127","18036","TPS_VN","Tagore Public School - Vaishali Nagar","Jaipur","rooftop","97.3","...","...","...","..."
"128","18037","TPS_SN","Tagore Public School - Shastri Nagar","Jaipur","rooftop","48.6","...","...","...","..."
"129","18038","SID","Sobha Interiors Division","Bangalore","rooftop","735","...","...","...","..."
"130","18039","SGL","Sobha Glazing Ltd","Bangalore","rooftop","226","...","...","...","..."
"131","18041","MPPL","Micro-plastics","Bangalore","rooftop","351","...","...","...","..."
"132","18043","SNSKT","Sanskriti University","Mathura","rooftop","105","...","...","...","..."
"133","18044","LYL","Loyola","Bhubhaneshwar","rooftop","89.3","...","...","...","..."
"134","18045","RMG","Rapid Metro","Gurgaon","rooftop","403","...","...","...","..."
"135","18046","DBIT","Devbhoomi Institute","Dehradun","rooftop","179","...","...","...","..."
"136","18047","MCC-J","MCC Jeedimetla","Hyderabad","rooftop","435","...","...","...","..."
"137","18048","MCC_M(2)","MCC- Moosapet II","Hyderabad","rooftop","127","...","...","...","..."
"138","18049","SMH","St. Mary's Group of Institutes","Hyderabad","rooftop","246","...","...","...","..."
"139","18050","KCMC","Khalsa College Main Campus","Amritsar","rooftop","390","...","...","...","..."
"140","18051","KWC","Khalsa Women's College","Amritsar","rooftop","117","...","...","...","..."
"141","18052","KPS","Khalsa Public School","Amritsar","rooftop","49.4","...","...","...","..."
"142","18053","KCN","Khalsa College of Nursing","Amritsar","rooftop","39.3","...","...","...","..."
"143","18054","KVC","Khalsa Veterinary College","Amritsar","rooftop","49.4","...","...","...","..."
"144","18055","KCET","Khalsa College of Engineering and Technology","Amritsar","rooftop","124","...","...","...","..."
"145","18056","IEML2","IEML 2","Noida","rooftop","932.52","...","...","...","..."
"146","18057","SDU","Shridhar University","Pilani","rooftop","159","...","...","...","..."
"147","18058","JJA","Jhunjhunu Academy","Jhunjhunu","rooftop","119.6","...","...","...","..."
"148","18059","SSM","Sesomu School","Bikaner","rooftop","95.5","...","...","...","..."
"149","18060","MCC_K(2)","MCC- Kolkata II","Kolkata","rooftop","74.5","...","...","...","..."
"150","18062","EDTSD","Essae Digitronics -TSD","Bangalore","rooftop","143","...","...","...","..."
"151","18063","PSBBG","PSBB GKBM Chennai","Chennai","rooftop","105","...","...","...","..."
"152","18064","PSBBO","PSBB OMR Chennai","Chennai","rooftop","78","...","...","...","..."
"153","18065","PSBB","PSBB Bengaluru","Bangalore","rooftop","81.9","...","...","...","..."
"154","18066","PSBBC","PSBB Coimbatore","Coimbatore","rooftop","78","...","...","...","..."
"155","18067","EDPFD","Essae Digitronics -PFD","Bangalore","rooftop","86.135","...","...","...","..."
"156","18068","DRIT","Vinayak Shikshan Sanstha- DRIT","Jaipur","rooftop","75.4","...","...","...","..."
"157","18069","ICAR","ICAR Srinagar","Srinagar","rooftop","100","...","...","...","..."
"158","18070","GSTJ","GST Jammu","Jammu","rooftop","41","...","...","...","..."
"159","18071","SSSST-C","SHRI SADGURU SEVA SANGH TRUST-CHITRAKOOT","Chitrakoot","rooftop","967.85","...","...","...","..."
"160","18072","SSSST-A","Shri Sadguru Seva Sangh Trust- Anandpur","Anandpur","rooftop","210.45","...","...","...","..."
"161","19002","PPD","Supreme - PPD","Gwalior","rooftop","839.8","...","...","...","..."
"162","19003","ROTO","Supreme - Roto Molding Division","Gwalior","rooftop","123","...","...","...","..."
"163","19004","PVC","Supreme - PVC","Gwalior","rooftop","974.1","...","...","...","..."
"164","19005","GEAR","GEAR International School","Bangalore","rooftop","40.9","...","...","...","..."
"165","19006","TMSN(41)","TMS Noida (Sec 41)","Noida","rooftop","39","...","...","...","..."
"166","19007","TMSN(119)","TMS Noida (Sec 119)","Noida","rooftop","97.5","...","...","...","..."
"167","19008","TMSN(135)","TMS Noida (Sec 135)","Noida","rooftop","149.5","...","...","...","..."
"168","19009","TMSP","TMS Panipat","Panipat","rooftop","136.5","...","...","...","..."
"169","19010","TMSA","TMS Amritsar","Amritsar","rooftop","109.2","...","...","...","..."
"170","19011","TMSL","TMS Lucknow","Lucknow","rooftop","150.15","...","...","...","..."
"171","19012","TMSI","TMS Indore","Indore","rooftop","90.675","...","...","...","..."
"172","19013","DCSCL","Delhi Cargo","Delhi","rooftop","802.56","...","...","...","..."
"173","19015","IAFA","IAFA Amritsar","Amritsar","rooftop","12.35","...","...","...","..."
"174","19016","BRINTONS","BRINTONS CARPETS","Pune","rooftop","994.84","...","...","...","..."
"175","19017","UFI","UFI FILTERS INDIA PRIVATE LIMITED","Bawal","rooftop","368","...","...","...","..."
"176","19019","Mirza","Mirza","Mirzapur","ground","75008.1","...","...","...","..."
"177","19020","PEPS","Varun Beverages Sangareddy","Hyderabad","rooftop","999.6","...","...","...","..."
"178","19021","PEPK","Pepsico Kolkata","HOWRAH - Kolkata","rooftop","826.8","...","...","...","..."
"179","19022","ROCAA","Roca Alwar","Alwar","rooftop","836.4","...","...","...","..."
"180","19023","ROCA","ROCA Bhiwadi","Bhiwani","rooftop","398.8","...","...","...","..."
"181","19024","IIT","IIT Jammu - Phase -1","Jammu","rooftop","164.16","...","...","...","..."
"182","19025","IITJ2","IIT Jammu - Phase -2","Jammu","rooftop","327.28","...","...","...","..."
"183","19026","LAPP","LAPP CABLES","Bhopal","ground","993.6","...","...","...","..."
"184","19027","PEPZ","PEPSICO ZAHURA PUNJAB","Zahura","rooftop","594.32","...","...","...","..."
"185","19028","Big Basket","Big Basket Warehouse Gurgaon","Gurgaon","rooftop","299.88","...","...","...","..."
"186","19030","RAILR","Railway Raipur","Raipur","rooftop","1000.96","...","...","...","..."
"187","19031","Oxford","Oxford College of Engineering","Bangalore","rooftop","202.48","...","...","...","..."
"188","19032","MEO","Mahesh Edible Oil","KOTA","rooftop","949","...","...","...","..."
"189","19034","SLMBK","Schlumberger - Kakinada","KAKINADA","rooftop","434.7","...","...","...","..."
"190","19036","SLMB","Schlumberger Mahape","Mumbai","rooftop","387.6","...","...","...","..."
"191","19037","BHARTI","Bharti Realty","Gurgaon","rooftop","173.12","...","...","...","..."
"192","19041","ACCJ","ACC Jamul","Bhilai","ground","5327.5","...","...","...","..."
"193","19042","ACCR","Ambuja Cements Rabriyawas","Rabriyawas","ground","7148.25","...","...","...","..."
"194","19043","DEL4","Amazon Del 4 (All phase)","Gurgaon","rooftop","1350.3","...","...","...","..."
"195","19044","GRE","GREAVES COTTON","AURANGABAD","rooftop","1201.56","...","...","...","..."
"196","19045","DEL5","Amazon Del 5 (Overall)","Gurgaon","rooftop","1748.5","...","...","...","..."
"197","19046","Khanak","Neo","Bhiwani","ground","75009","...","...","...","..."
"198","19047","UTCL Dhar","UltraTech Cement Limited Dhar","DHAR","ground","15006","...","...","...","..."
"199","19048","TVS_N_Ex","TVS Nalagarh Ext","Nalagarh","rooftop","970.38","...","...","...","..."
"200","19050","MAX EXT","Max Speciality Films Ext","S. B. S. NAGAR","rooftop","1482","...","...","...","..."
"201","19052","DCB","Decathlon Anubhava Bangalore","Bangalore","rooftop","212.55","...","...","...","..."
"202","19053","DCNL","Decathlon Nolambur","Chennai","rooftop","174.2","...","...","...","..."
"203","19054","AJP","Ajanta Pharma","Guwahati","rooftop","701.24","...","...","...","..."
"204","19055","GATE","Gateway Rail","Faridabad","rooftop","432.25","...","...","...","..."
"205","19056","SAGE-B","Sage Metals - Bawal","Bawal","rooftop","462.4","...","...","...","..."
"206","19057","SAGE","Sage Metals - Faridabad","Faridabad","rooftop","149.6","...","...","...","..."
"207","19058","HALDIS","Haldiram Kolkata","Kolkata","rooftop","455","...","...","...","..."
"208","19059","SAGE7","Sage Metals Unit 7 Sahibabad","Ghaziabad","rooftop","130","...","...","...","..."
"209","19060","SAGES","Sage Metals  Unit 8 Sahibabad","Ghaziabad","rooftop","211.2","...","...","...","..."
"210","19061","DCN","Decathlon Nashik","Nashik","rooftop","65","...","...","...","..."
"211","19062","DCC","Decathlon Calicut","Kozhikode","rooftop","33.15","...","...","...","..."
"212","19064","HTR","HT Media Ranchi","Ranchi","rooftop","143","...","...","...","..."
"213","19065","HTM","HT Media Mohali","Mohali","rooftop","117","...","...","...","..."
"214","19066","HTP","HT Media Patna","Patna","rooftop","311.68","...","...","...","..."
"215","19068","MINDA","Minda Silca","Greater Noida","rooftop","244.8","...","...","...","..."
"216","19069","SDDPL","Schreiber Pune","Pune","rooftop","1766.95","...","...","...","..."
"217","19070","MPGI","Maharana Pratap Group of Institutions","Kanpur","rooftop","130","...","...","...","..."
"218","19071","SHIROKI","Shiroki Technico India","Gurgaon","rooftop","387.6","...","...","...","..."
"219","19072","MATEN","MATE SMIIEL","Noida","rooftop","680","...","...","...","..."
"220","19073","MATE","MATE Manesar","Gurgaon","rooftop","731.5","...","...","...","..."
"221","19074","MATEA","MATE Alwar","Bhiwani","rooftop","574.94","...","...","...","..."
"222","19075","MATEP","Mate pune","Pune","rooftop","704.14","...","...","...","..."
"223","19076","MATEB","MATE Bangalore","Bangalore","rooftop","459.9","...","...","...","..."
"224","19077","SMRN","SMR Noida","Noida","rooftop","130","...","...","...","..."
"225","19078","SMRP","SMR Pune","Pune","rooftop","111.15","...","...","...","..."
"226","19079","IFBG","IFB Industries Goa","South Goa","rooftop","1499.5","...","...","...","..."
"227","19081","Dev","Dev Deoria","Deoria","ground","56504","...","...","...","..."
"228","19082","Spicer","Spicer Dharwad","Dharwad","rooftop","257.4","...","...","...","..."
"229","19085","TOSM","Toshiba Medak","Medak","rooftop","473.85","...","...","...","..."
"230","19087","CIPGOA_1","Cipla Goa -1","Goa","rooftop","1207.45","...","...","...","..."
"231","19088","Dayanand","Mahatma Gandhi Vidya Peetha Trust","Bangalore","rooftop","237.6","...","...","...","..."
"232","19093","BOM7","Amazon BOM 7","Mumbai","rooftop","1254","...","...","...","..."
"233","19094","CIPBOM","Cipla Bommasandra","Bangalore","rooftop","276.15","...","...","...","..."
"234","19097","Sundaram","Sundaram Auto","Nalagarh","rooftop","508.2","...","...","...","..."
"235","20001","CIPBD1","Cipla Unit 1 Baddi","Baddi","rooftop","561","...","...","...","..."
"236","20002","MCC_L","MCC Lucknow","Lucknow","rooftop","162.5","...","...","...","..."
"237","20004","INNV","Innovative Retail-Vashi Mumbai","Mumbai","rooftop","132","...","...","...","..."
"238","20005","SNOWM08","Snowman M08","Raigad","rooftop","858","...","...","...","..."
"239","20006","SNOWM32","Snowman M32","Raigad","rooftop","429","...","...","...","..."
"240","20007","Snomank12","Snowman K12","Raigad","rooftop","198","...","...","...","..."
"241","20008","SNOWK","Snowman Krishnapatinam","Krishnapatnam","rooftop","330","...","...","...","..."
"242","20009","GDLC","Gateway Distriparks Ltd Cochin","Cochin","rooftop","84.5","...","...","...","..."
"243","20010","GDLM","Gateway Distriparks Ltd Mumbai","Raigad","rooftop","528","...","...","...","..."
"244","20015","INNVN80","Innovative Retail-Sec-80 Noida","Noida","rooftop","158","...","...","...","..."
"245","20019","GDLK","Gateway Distriparks Ltd Krishnapatnam","Krishnapatnam","rooftop","149.82","...","...","...","..."
"246","20020","GRES","Greaves Cotton - Shendra","Aurangabad","rooftop","1228.5","...","...","...","..."
"247","20021","SGW","Siegwerk Alwar","Alwar","rooftop","571.98","...","...","...","..."
"248","20022","FSCB","Future Supply Chain Banur","Patiala","rooftop","455","...","...","...","..."
"249","20024","FSCK","Future Supply Chain Kulana","Jhajjar","rooftop","67.32","...","...","...","..."
"250","20028","CIPBD2","Cipla Baddi Unit II","Baddi","rooftop","132","...","...","...","..."
"251","20029","TEIP","Taikisha Engineering","Pune","rooftop","705.25","...","...","...","..."
"252","20030","DEI","Dayalbagh Educational Institute","Agra","rooftop","20.52","...","...","...","..."
"253","20031","SPICERS","Spicer Satara","Satara","rooftop","136.5","...","...","...","..."
"254","20032","MMB2","Magneti Marelli Motherson Auto 2","Bawal","rooftop","455","...","...","...","..."
"255","20033","MINDAV","Minda VAST","Pune","rooftop","588","...","...","...","..."
"256","20034","PIGN","Pigeon India Noida","Greater Noida","rooftop","312","...","...","...","..."
"257","20038","MINDAB","Minda DCD Bhambholi","Pune","rooftop","785.6","...","...","...","..."
"258","20039","MindaSCD","Minda SCD","Pune","rooftop","404.25","...","...","...","..."
"259","20040","MINDANK","Minda DCD, Nanekarwadi","Pune","rooftop","264","...","...","...","..."
"260","20041","CKM2","CKM Phase II","Rewari","rooftop","242.08","...","...","...","..."
"261","20045","JKLC Durg","JK Lakshmi Cement Durg","Bhilai","ground","6500","...","...","...","..."
"262","20046","CIPGOA_2","Cipla Limited Goa-2","Goa","rooftop","707.94","...","...","...","..."
"263","20047","CIPGOA_3","Cipla Goa -3","Goa","rooftop","496.26","...","...","...","..."
"264","20050","SSMC","Shyam Shah Medical College","Rewa","rooftop","1340.6","...","...","...","..."
"265","20051","MPUVNL","Sri Satya Sai University","Sehore","rooftop","82.55","...","...","...","..."
"266","20052","MPUVNL","Shri Vaishnav Vidyapeeth Vishwavidyalaya Indore","Indore","rooftop","148.5","...","...","...","..."
"267","20055","BMCS","Bundelkhand Medical College Sagar","Sagar","rooftop","499.12","...","...","...","..."
"268","20056","GRMC","Gajra Raja Medical College","Gwalior","rooftop","149.94","...","...","...","..."
"269","20057","GHRM","GH Raisoni University MPUVNL","Chhindwara","rooftop","85.8","...","...","...","..."
"270","20058","CLS","Cipla Limited Sikkim Unit 1","Kumrek","rooftop","439.18","...","...","...","..."
"271","20059","CLS","CIPLA Limited Sikkim Unit 2","Rorathang","ground","372.6","...","...","...","..."
"272","20060","CLSGC","Cipla Limited Sikkim Golden Cross","Pakyong","rooftop","286.005","...","...","...","..."
"273","20061","DLFK","Dlecta Foods Khopoli","Raigad","rooftop","231","...","...","...","..."
"274","20065","ROCA2","ROCA Bhiwadi (Phase-2)","Bhiwani","rooftop","386.1","...","...","...","..."
"275","20067","UTCL_RED","UTCL Reddipalayam","Redipallayam","ground","2067.2","...","...","...","..."
"276","20069","UTCL","UTCL Magdalla Cement Works","Surat","ground","1006.2","...","...","...","..."
"277","20070","ASU","Ashoka University","Sonipat","rooftop","425.1","...","...","...","..."
"278","20072","SEFM","Stanley Engineered Fastening- Manesar","Gurgaon","rooftop","91","...","...","...","..."
"279","20073","SEFB","Stanley Engineered Fastening- Bangalore","Bangalore","rooftop","175.5","...","...","...","..."
"280","20074","SEFO","Stanley Engineered Fastening- Oragadam","Sriperumbudur","rooftop","65","...","...","...","..."
"281","20075","PUB","Peoples University Bhopal","Bhopal","rooftop","801.99","...","...","...","..."
"282","20076","HSILAGI","HSIL Limited Bhongir","Bhuvanagiri","ground","2924.55","...","...","...","..."
"283","20077","ABBN1","ABB India Nashik Plant -1","Nashik","rooftop","654.43","...","...","...","..."
"284","20078","ABBN2","ABB India Nashik Plant -2","Nashik","rooftop","292.4","...","...","...","..."
"285","20080","HSILD","HSIL Limited Dharwad","DHARWAD","rooftop","250.8","...","...","...","..."
"286","20082","GFPL","Griffith Foods","Bangalore","rooftop","318.5","...","...","...","..."
"287","20083","GNAE","Guru Nanak Auto Enterprises Ltd","Phagwara","rooftop","396","...","...","...","..."
"288","20084","BMS","Beam Suntory","Alwar","rooftop","91.12","...","...","...","..."
"289","20085","GLIM","Great Lakes Institutes of Management","chennai","rooftop","347.2","...","...","...","..."
"290","20086","CONE","Continental Engine","Bhiwani","rooftop","699","...","...","...","..."
"291","20087","SFPL","Srinivasa Farms","Yavatmal","ground","1102","...","...","...","..."
"292","20088","MPGI2","Maharana Pratap Group of Institutions-II","kanpur","rooftop","361.65","...","...","...","..."
"293","20089","PNG","Proctor and  Gamble","Hyderabad","ground","994.95","...","...","...","..."
"294","20091","TEP","Thyssenkrupp Elevator Pune","Chakan Pune","rooftop","821.1","...","...","...","..."
"295","20092","HFLH","Harita Fehrer Ltd Hosur","Hosur","rooftop","650.1","...","...","...","..."
"296","20093","HFL","Harita Fehrer Ltd Pune","Pune","rooftop","290.4","...","...","...","..."
"297","20094","HFLM","Harita Fehrer Ltd Mysuru","Mysuru","rooftop","288.42","...","...","...","..."
"298","20096","MTH","Matahari","Bilaspur","ground","48003","...","...","...","..."
"299","20097","VHO","Vatika Hotels One On One","Gurugram","rooftop","295.5","...","...","...","..."
"300","20098","MCC-M","Metro Cash & Carry","Meerut","rooftop","135.85","...","...","...","..."
"301","20099","KEM","Kinetic Electric Motor","Pune","rooftop","191.75","...","...","...","..."
"302","20100","VIL","Venkys India Ltd","Solapur","ground","1302.6","...","...","...","..."
"303","20101","YN3","Yamaha Gr Noida Phase III","Noida","rooftop","1219.67","...","...","...","..."
"304","20103","MATEAEX","MATE Tapukara Extn","Alwar","rooftop","249.6","...","...","...","..."
"305","20104","WPE","Whirlpool Ext","Pune","rooftop","2222","...","...","...","..."
"306","20105","AMW2","Amway 2","Dindigul","rooftop","500.5","...","...","...","..."
"307","20106","GMCWTP","Gwalior Municipal Corporation WTP","Gwalior","rooftop","596.44","...","...","...","..."
"308","20107","GMCWPS","Gwalior Municipal corporation WPS","Gwalior","ground","404.6","...","...","...","..."
"309","20108","OCL","Orient Craft Ltd","Alwar","rooftop","612","...","...","...","..."
"310","20109","SFGN","Sheela Foams Greater Noida","Greater Noida","rooftop","376.2","...","...","...","..."
"311","20110","ZFI","ZF India","Pune","rooftop","236.3","...","...","...","..."
"312","20111","BSHHA","BSH Household Appliances","Chennai","rooftop","520.2","...","...","...","..."
"313","20113","MPUVNL","Idemitsu","Raigad","rooftop","727.65","...","...","...","..."
"314","20114","YNIIIE","Yamaha Gr Noida Phase III Ext","Noida","rooftop","402.9","...","...","...","..."
"315","20115","SRM2","Supreme Roto Phase 2","Gwalior","rooftop","204","...","...","...","..."
"316","20116","SPMSL","Supreme Industries Silvassa","Dadra and Nagar Haveli","rooftop","98.28","...","...","...","..."
"317","20117","SIH","Supreme Industries Hosur","Hosur","rooftop","1198.89","...","...","...","..."
"318","20119","MOR","Morganite Crucible","Aurangabad","rooftop","540.87","...","...","...","..."
"319","20121","HHTPPL","Huhtamaki - PPL Daman","Daman","rooftop","85.8","...","...","...","..."
"320","20122","HHPPLS","Huhtamaki PPL Silvassa","Silvassa","rooftop","203.58","...","...","...","..."
"321","20123","AMS","Huhtamaki-PPL  Taloja","Raigad","rooftop","133.2","...","...","...","..."
"322","20124","HHTPPL","Huhtamaki - PPL Guwahati","Guwahati","rooftop","340.86","...","...","...","..."
"323","21001","MCEXN","Minda Silca Extention Greater Noida","Noida","rooftop","134.37","...","...","...","..."
"324","21002","MUMZ","Amazon Transportation - MUMZ","Mumbai","rooftop","749.6","...","...","...","..."
"325","21003","HYDF","Amazon Transportation - HYDF","Hyderabad","rooftop","273","...","...","...","..."
"326","21004","GP","Gold Plus","Roorkee","rooftop","5386.5","...","...","...","..."
"327","21007","SDDPL","Schreiber Dynamix Dairies RT Ext","Baramati","rooftop","429.86","...","...","...","..."
"328","21008","SIEGEX","Siegwerk Extn","Alwar","rooftop","136.4","...","...","...","..."
"329","21009","SNOWP1&2","Snowman Pune 1 and 2","Pune","rooftop","204.44","...","...","...","..."
"330","21010","SNOWP3","Snowman Pune 3","Pune","rooftop","407.16","...","...","...","..."
"331","21011","SNOWVZ2","Snowman Vizag 2","Visakhapatnam","rooftop","325.33","...","...","...","..."
"332","21012","SNOWBL","Snowman Prithla","Dudhola","rooftop","407.16","...","...","...","..."
"333","21013","SNOWCH","Snowman Cheemasandra","Bengalore","rooftop","311.85","...","...","...","..."
"334","21014","SNOWCH","Snowman Cochin","Cochin","rooftop","351.89","...","...","...","..."
"335","21015","SIEF","Strive India Education Foundation UBS","Raigad","rooftop","355.68","...","...","...","..."
"336","21016","SNOWDRB","Snowman Derrabassi","Sanauli","rooftop","385.39","...","...","...","..."
"337","21017","SNWLK2","Snowman Kolkata 2","Kolkata","rooftop","400.8","...","...","...","..."
"338","21018","SNOWHY","Snowman Hyderabad","Hyderabad","rooftop","311.85","...","...","...","..."
"339","21019","KTEC","Kinetic Taigene Electrical","Pune","rooftop","182.4","...","...","...","..."
"340","21020","MFP","Megha Fruit Processing Pvt Ltd","Kondapur Mandal","ground","1089","...","...","...","..."
"341","21021","MLP","Marico Limited Perundurai","Periyavettupalayam","rooftop","257.21","...","...","...","..."
"342","21022","SNOWJP","Snowman Jaipur","Jaipur","rooftop","280.28","...","...","...","..."
"343","21023","SPU","Spicer Uttarakhand","Rudrapur","rooftop","392.045","...","...","...","..."
"344","21024","GRFLL","Gateway Rail Ludhiana","Ludhiana","rooftop","400.5","...","...","...","..."
"345","21025","GDGH","Gateway Distriparks Garhi Harsaru","Gurgaon","rooftop","440.11","...","...","...","..."
"346","21026","PL","Petronas Lubricants","Raigad","rooftop","759.33","...","...","...","..."
"347","21027","EWL","Essel World Leisure Private Ltd","Mumbai","rooftop","512","...","...","...","..."
"348","21028","Mdrc","Mindarika","Pune","rooftop","676.4","...","...","...","..."
"349","21030","MKAWB","Minda Kosei Aluminium Bawal","Bawal","rooftop","803.25","...","...","...","..."
"350","21031","DTMB","Denso Ten Minda Bawal","Bawal","rooftop","314.17","...","...","...","..."
"351","21033","MRB","Minda Rinder Bahadurgarh","Bahadurgarh","rooftop","403.62","...","...","...","..."
"352","21034","MILL","Minda Lightning Chennai","Chennai","rooftop","473.38","...","...","...","..."
"353","21035","ME","Minda Emer","Gurugram","rooftop","340.425","...","...","...","..."
"354","21036","MDCD","Minda Corporation Ltd DCD","Pune","rooftop","811.68","...","...","...","..."
"355","21037","CNHIN","CNH Industrial Noida","Greater Noida","rooftop","1372.14","...","...","...","..."
"356","21038","MKLB","Minda Kyoraku Limited","Bawal","rooftop","608.76","...","...","...","..."
"357","21039","MM","Mindarika  Manesar","Kasan","rooftop","420.97","...","...","...","..."
"358","21040","ABB N","ABB 1 Phase 3 Nashik","Nashik","rooftop","200.25","...","...","...","..."
"359","21041","MJCB","MJ Casting Limited Bawal","Bawal","rooftop","199.36","...","...","...","..."
"360","21043","MTGR","Minda TG Rubber India Pvt Ltd","Asalwas","rooftop","600.75","...","...","...","..."
"361","21044","MISDM","Minda Industries Ltd Switch Division Manesar","Gurugram","rooftop","607.42","...","...","...","..."
"362","21045","MFCD","Minda Fuel Cap Division","Gurugram","rooftop","84.99","...","...","...","..."
"363","21046","MINDAM","MINDA Manesar","Manesar","rooftop","471.7","...","...","...","..."
"364","21049","MINDAC","Mindarika Pvt Ltd Chennai","Chennai","rooftop","541.12","...","...","...","..."
"365","21051","MRH","Minda Rinder Hosur","Hosur","rooftop","405.84","...","...","...","..."
"366","21052","MSH","Minda Switch Division Hosur","Hosur","rooftop","350.66","...","...","...","..."
"367","21054","MLBA","Minda Lighting Block A","Gurugram","rooftop","205.145","...","...","...","..."
"368","21055","MRS","Minda Rinder Sonipat","Sonipat","rooftop","65.42","...","...","...","..."
"369","21057","MISW","Minda SW","Pune","rooftop","267.7","...","...","...","..."
"370","21058","MKEP","Minda Katolac Electronics Pune","Pune","rooftop","192.24","...","...","...","..."
"371","21059","MIAE","Minda Industries - Advance Electronics","Pune","rooftop","338.2","...","...","...","..."
"372","21061","IIPT","Insecticide India Pvt Ltd","Bhiwadi","rooftop","160.2","...","...","...","..."
"373","21062","ABBN1","ABB Nashik-1 Phase-2","Nashik","rooftop","340","...","...","...","..."
"374","21064","HASI","Hanon Automotive","Chennai","rooftop","532.58","...","...","...","..."
"375","21065","AUE","Ashoka University Extension","Sonipat","rooftop","121.45","...","...","...","..."
"376","21066","NTR","Netravati","Tumkur","ground","71467","...","...","...","..."
"377","21067","KVR","Kauveri","Tumkur","ground","71207","...","...","...","..."
"378","21073","POM","Plastic Omnium","Pune","rooftop","1350.05","...","...","...","..."
"379","21074","BUL","Beri Udyog Limited","Karnal","rooftop","451.67","...","...","...","..."
"380","21076","ASI MIDC","Atos Syntel International Private Limited MIDC RCC","Pimpri Chinchwad","rooftop","1120.5","...","...","...","..."
"381","21077","IFBM","IFB Industries Ltd -Mallur","Mallur","rooftop","1284.27","...","...","...","..."
"382","21078","SIG","Supreme Industries Unit 3 Gadegaon","Gadegaon","rooftop","4139.36","...","...","...","..."
"383","21079","SIT","Supreme Industries Ltd Telangana","Jadcherla","rooftop","998.3","...","...","...","..."
"384","21080","SIEL-P(N)","Samsung India Electronics B-1 Noida","Noida","rooftop","843.75","...","...","...","..."
"385","21081","UTCL Tadipatri","UTCL Tadipatri","Tadipatri","ground","12500","...","...","...","..."
"386","21082","UTCLD","UltraTech Cement Dankuni","Hooghly","ground","1406.2","...","...","...","..."
"387","21083","UTCL SB","UTCL Sonar Bangla Cement Works","Murshidabad","ground","1406.2","...","...","...","..."
"388","21084","BK","Bigbasket Kuthambakkam","Kuthambakkam","rooftop","258.39","...","...","...","..."
"389","21085","GE T&D","GE T&D India Limited","Kanchipuram","rooftop","700.82","...","...","...","..."
"390","21087","A BLR 7","Amazon BLR 7","Banglore","rooftop","202","...","...","...","..."
"391","21088","GPID","Gulf Processing Industries LLC","Dubai","rooftop","849.42","...","...","...","..."
"392","21089","NGSD","Next Generation School LLC Dubai","Dubai","rooftop","1286","...","...","...","..."
"393","21090","HYVA","Hyva India Pvt Ltd","Navi Mumbai","rooftop","333.75","...","...","...","..."
"394","21092","HTLK","HTL ISPAT Private Limited Khopoli","Raigad","rooftop","600.75","...","...","...","..."
"395","21093","SILE 2","Siegwerk India Pvt Ltd Ext Phase 2","Alwar","rooftop","270.54","...","...","...","..."
"396","21094","GPM","Godrej One Premises Management","Mumbai","rooftop","66.75","...","...","...","..."
"397","21095","CLP 9","Cipla Limited Plot 9","Dhar","rooftop","2372.93","...","...","...","..."
"398","21096","CLP-10","Cipla Limited Plot 10","Dhar","rooftop","753.735","...","...","...","..."
"399","21098","FEF","Flovel Energy Pvt Ltd","Mitrol","rooftop","202.34","...","...","...","..."
"400","21100","ETL","Endurance Technologies Limited Kolar","Karinayakanahalli","rooftop","397.83","...","...","...","..."
"401","21101","CSCI","Cardolite Specialty Chemicals India LLP","Mangaluru","rooftop","717.3","...","...","...","..."
"402","21102","AP","Ashirvad Pipes","Bangalore","rooftop","304.56","...","...","...","..."
"403","21106","JMI","Johnson Matthey India Bawal","Bawal","rooftop","232.29","...","...","...","..."
"404","21107","ASSPL","AMAZON SELLER SERVICES PVT LTD MAA8","Siruvapuri","rooftop","686.25","...","...","...","..."
"405","21108","AB","AstraZeneca Bengaluru","Bengaluru","rooftop","588","...","...","...","..."
"406","21109","ATS MAAD","Amazon Transportation Services MAAD","Chennai","rooftop","513","...","...","...","..."
"407","21110","DMAV","D-Mart Benz circle, Vijayawada","Vijaywada","rooftop","160.2","...","...","...","..."
"408","21111","JDE","Jalpa Devi Engineering Pvt Ltd","Dhar","rooftop","707.4","...","...","...","..."
"409","21112","BFI","Bhavya Infra Indore","Dhar","rooftop","66.6","...","...","...","..."
"410","21113","DSS","Deevin Seismic Systems Pvt Ltd","Mandideep","rooftop","415.35","...","...","...","..."
"411","21114","DBL B","Dilip Buildcon Ltd, Byrapur, Karnataka","Chitradurga","rooftop","98.28","...","...","...","..."
"412","21115","DBLSP1","DBL Sangli PKG-1","BORGAON","rooftop","70.2","...","...","...","..."
"413","21116","DBS","Dilip Buildcon Ltd PKG 2 Sangli","Solapur","rooftop","70.2","...","...","...","..."
"414","21117","DBS","Dilip Buildcon Ltd PKG 4 Sangli","Solapur","rooftop","70.2","...","...","...","..."
"415","21118","DBN","Dilip Buildcon Ltd Nizamabad","Mangloor","rooftop","59.85","...","...","...","..."
"416","21119","DBA","Dilip Buildcon Ltd Anakapalli 1","Anakapalli","rooftop","64.97","...","...","...","..."
"417","21120","DBA","Dilip Buildcon Ltd Anakapalli 3 AP","Anakapalli","rooftop","64.97","...","...","...","..."
"418","21122","ATS","Amazon Transportation Services Pvt Ltd","Jaipur","rooftop","504","...","...","...","..."
"419","21124","JKCL","JK Cement Limited Muddapur","Bhagalkot","ground","5002.2","...","...","...","..."
"420","21125","ALK01","Amazon LK01","Lucknow","rooftop","999.915","...","...","...","..."
"421","21126","ACJB","Amazon CJB","Coimbatore","rooftop","1200","...","...","...","..."
"422","21127","FMC","Forbes Marshall Chakan","Pune","rooftop","1048.05","...","...","...","..."
"423","22001","MCI 2","Morganite Crucible India Ltd Phase 2","Aurangabad","rooftop","188.235","...","...","...","..."
"424","22002","DIA","Dabur India Alwar","Alwar","rooftop","357.84","...","...","...","..."
"425","22003","AHYDX","Amazon Transport Services Pvt Ltd HYDX","Hyderabad","rooftop","534","...","...","...","..."
"426","22004","ASB","Avenue Supermart Ayodhya Bypass Bhopal","Bhopal","rooftop","315.9","...","...","...","..."
"427","22005","DMAI","D-Mart Kanadia, Indore","Indore","rooftop","149.04","...","...","...","..."
"428","22006","ASR","Avenue Supermarts Raipur","Raipur","rooftop","420.12","...","...","...","..."
"429","22007","JKCLN","JKCL Nimbhahera Chittorgarh","Chittorgarh","ground","7006","...","...","...","..."
"430","22008","WP 3","Whirlpool Phase 3","Pune","rooftop","841.05","...","...","...","..."
"431","22009","HA 2","Hanon Automative Phase 2","Chennai","rooftop","741.15","...","...","...","..."
"432","22010","BIP","Bobst India Pvt Ltd Pune","Pune","rooftop","250","...","...","...","..."
"433","22011","SIL","Syngene International Limited","Mangalore","rooftop","479.1","...","...","...","..."
"434","22017","PT","Precise Trading","Dubai","rooftop","160.23","...","...","...","..."
"435","22019","ASB","Avenue Supermarts Beltarodi Nagpur","Nagpur","rooftop","195.48","...","...","...","..."
"436","22020","AS","Avenue Supermart Nashik","Nashik","rooftop","270","...","...","...","..."
"437","22021","ASIPL","Atos Syntel International Private Limited","Chinchwad","rooftop","503.1","...","...","...","..."
"438","22022","HS EXT","Huhtamaki Silvassa EXT","Umerkoi","rooftop","550.465","...","...","...","..."
"439","22024","DBLR","Decathlon Bannerghatta BLR","Kalena Agrah","rooftop","90","...","...","...","..."
"440","22026","EWSA","East West Seeds India Pvt Ltd Aurangabad","Aurangabad","rooftop","395.1","...","...","...","..."
"441","22027","UTCL VC","UTCL Vikram Cement Neemuch","Neemuch","ground","8905.68","...","...","...","..."
"442","22029","GOE","Gulf Oil Middle East","Dubai","rooftop","477","...","...","...","..."
"443","22032","UTCLB","Ultratech Cement Limited Bhatinda","Bhatinda","ground","477.36","...","...","...","..."
"444","22033","ASA","Aastrid Lifesciences Pvt Ltd Amshet","Raigad","rooftop","180","...","...","...","..."
"445","22034","G WEK","GEMS WEK","Dubai","rooftop","984.27","...","...","...","..."
"446","22035","G JPS","GEMS JPS","Dubai","rooftop","546.07","...","...","...","..."
"447","22036","GJ","GEMS JCD","Dubai","rooftop","435.45","...","...","...","..."
"448","22037","MIL(SD)","Minda Industries Limited (Switch Division)","Pantnagar","rooftop","393.66","...","...","...","..."
"449","22038","MSBP","Minda Storage Batteries Pvt Ltd Pantnagar","Pantnagar","rooftop","484.2","...","...","...","..."
"450","22039","FIP","Fukoku India Pvt Ltd Pune","Pune","rooftop","279.9","...","...","...","..."
"451","22040","ASL","Avenue Supermart Ltd Pathankot Rd. (Jalandhar)","Jalandhar","rooftop","310.5","...","...","...","..."
"452","22041","ASK","Avenue Supermarts Ltd Kalwar","Jaipur","rooftop","99.9","...","...","...","..."
"453","22042","ASS","Avenue Supermarts Limited Safilguda","Secunderabad","rooftop","245.25","...","...","...","..."
"454","22044","ASLK","Avenue Supermarts Ltd, Kattupakkam, TN","Kanchipuram","rooftop","99.9","...","...","...","..."
"455","22045","ASC","Avenue supermart chinniyampalayam","CHINNAMPALAYAM","rooftop","99.9","...","...","...","..."
"456","22046","DTI","Dixon Technologies India Ltd","Govindavaram","rooftop","994.5","...","...","...","..."
"457","22047","DIG","Diageo India Pvt Ltd Goa","Goa","ground","398","...","...","...","..."
"458","22048","CNHI","CNHI Pithampur","Indore","rooftop","497.7","...","...","...","..."
"459","22049","SL","Snowman Logistics","Siliguri","rooftop","250.2","...","...","...","..."
"460","22050","AST","Avenue Supermarts Tadepalli","Tadepalli","rooftop","101.7","...","...","...","..."
"461","22053","STG","Syntegon Technology Goa","Goa","rooftop","311.04","...","...","...","..."
"462","22054","VI","Venky's India Ltd Nanded","Nanded","rooftop","937.8","...","...","...","..."
"463","22055","VS","Venky's Shrirampur","Shrirampur","rooftop","734.4","...","...","...","..."
"464","22056","ATS BLT3","Amazon Transportation Services Pvt Ltd BLT3","Hobli","rooftop","90","...","...","...","..."
"465","22057","CAS","Campus Activewear Sonipat","Sonipat","rooftop","999","...","...","...","..."
"466","22058","IFB G","IFB Industries Ltd AC Plant Goa","Verna","rooftop","1249.65","...","...","...","..."
"467","22059","GK","GEMS KGS","Dubai","rooftop","518.84","...","...","...","..."
"468","22060","UTCLN","UTCL Nathdwara","Nathdwara","ground","7469.28","...","...","...","..."
"469","22061","UTCL","UTCL Aditya Cement","Chittorgarh","ground","11188","...","...","...","..."
"470","22062","ATS BLT4","Amazon Transportation Services Pvt Ltd BLT4","Hubli","rooftop","70.2","...","...","...","..."
"471","22063","A BLRA","Amazon BLRA","Banglore","rooftop","36","...","...","...","..."
"472","22064","AELR","Aurangabad Electricals Ltd Rudrapur","Rudrapur","rooftop","604.35","...","...","...","..."
"473","22065","JLP","Jyothy Labs Pithampur","Dhar","rooftop","495","...","...","...","..."
"474","22066","SSS","Sarvan Shipping Services Pvt Ltd Cold Storage","Ankhapalli Madal","rooftop","180","...","...","...","..."
"475","22067","SSS 1","Sarvan Shipping Services Ltd CFS 1","Vishakhapatnam","rooftop","157.5","...","...","...","..."
"476","22068","SSCFS","Sravan Shipping Pvt Ltd CFS 2","Visakhapatnam","rooftop","59.8","...","...","...","..."
"477","22069","DTI","Dixon Technologies India Ltd","Dehradun","rooftop","400.95","...","...","...","..."
"478","22070","DXT","Dixon Technologies","Dehradun","rooftop","180","...","...","...","..."
"479","22072","JKCL M","JKCL Mangrol","Mangrol","ground","6925","...","...","...","..."
"480","22074","ALFE","AL Futtaim Element Dubai","Dubai","rooftop","265.96","...","...","...","..."
"481","22075","KJP","Kingspan Jindal Pvt Ltd Pithampur","Pithampur","rooftop","191.7","...","...","...","..."
"482","22077","USLA","UNITED SPIRITS LTD, ALWAR","Alwar","rooftop","406.35","...","...","...","..."
"483","22079","RPA","Ring Plus Aqua Ltd Sinnar","Nashik","ground","288","...","...","...","..."
"484","22080","AIP","Automech India Pvt Ltd Plant 2 Pune","Pune","rooftop","549","...","...","...","..."
"485","22082","PM","Pushpagiri Medicity","Thiruvalla","rooftop","105.2","...","...","...","..."
"486","22083","SS 4","Silvar Spark Unit 4","Bangalore","rooftop","400.5","...","...","...","..."
"487","22084","SSU","Silvar Spark U1","Bangalore","rooftop","329.3","...","...","...","..."
"488","22085","SSU-2","Silvar spark unit -02","BANGALORE","rooftop","186.9","...","...","...","..."
"489","22086","KTE P-2","Kinetic Taigene Electrical Co. Pvt Ltd, Pune - 2","Pune","rooftop","133.2","...","...","...","..."
"490","22087","KEM Ext","Kinetic Electric Motor Co. Pvt Ltd, Pune-Ext.","Pune","rooftop","54.9","...","...","...","..."
"491","22088","KFP","KF Bio Plants Pune","Pune","rooftop","1470.15","...","...","...","..."
"492","22089","USB","United spirits Baramati","PIMPALI","rooftop","556.6","...","...","...","..."
"493","22092","ADMP","Avenue Supermart  D MART Pithampur","Pithampur","rooftop","201.15","...","...","...","..."
"494","22093","AS RCPT","Avenue Supermart Ltd RC Puram Telangana","Ramachandrapuram","rooftop","128.7","...","...","...","..."
"495","22094","AST","Avenue Supermart Erode Tamilnadu","Erode","rooftop","94.95","...","...","...","..."
"496","22096","ASA","Avenue Supermart Ltd Alwar","Alwar","rooftop","236.7","...","...","...","..."
"497","22097","EFDB","EFD Induction Bengaluru","Bengaluru","rooftop","132","...","...","...","..."
"498","22098","LIB","Lumax Industries Limited Bawal","Bawal","rooftop","499.5","...","...","...","..."
"499","22099","LATP","Lumax Auto Technologies Ltd Pune","Pune","rooftop","559.8","...","...","...","..."
"500","22100","MAN","Mahle Ananad Noida","Greater Noida","rooftop","741.6","...","...","...","..."
"501","22101","BM","Borgwarner Manesar","Gurgoan","rooftop","341.1","...","...","...","..."
"502","22102","UTCLK","UTCL Kotputli","Jaipur","ground","9145","...","...","...","..."
"503","22103","UTCLH","UTCL Hirmi","Kuthraud","ground","8143","...","...","...","..."
"504","22104","ETL V TN","Endurance Technologies Limited, Vallam, TN","Kanchipuram","rooftop","621","...","...","...","..."
"505","22106","FIL P","Foseco India Ltd, Pune","Pune","rooftop","564.75","...","...","...","..."
"506","22107","KPK","Kanpur Plastipacks Pvt ltd Kanpur","Kanpur","rooftop","2754","...","...","...","..."
"507","22108","DOZCO","DOZCO India Pvt Ltd Visakhapatnam","Visakhapatnam","rooftop","981","...","...","...","..."
"508","22112","AS","Avenue Supermarts Ltd Ulhasnagar","Ulhasnagar","rooftop","143.1","...","...","...","..."
"509","22113","ASLU C","Avenue Supermarts Ltd, Ulhasnagar (Carport)","Thane","rooftop","140.4","...","...","...","..."
"510","22114","ASK(DMART)","Avenue Supermart Kuntikan","Mangaluru","rooftop","137.7","...","...","...","..."
"511","22115","ASMD","Avenue Super marts Doddaballapur","Boddaballapur","rooftop","151.2","...","...","...","..."
"512","22116","ASB","Avenue Supermarts Ltd Banashankari","Bengaluru","rooftop","157.68","...","...","...","..."
"513","22117","ASB","AVENUE SUPERMART LTD.RC BANDLAGUDA","Hyderabad","rooftop","43.2","...","...","...","..."
"514","22118","DMART K","Avenue Supermarts DMART Koramangala","Bengaluru","rooftop","62.64","...","...","...","..."
"515","22120","ZHLS U2","Zydus Healthcare Limited, Sikkim - Unit II","East Sikkim","rooftop","321.1","...","...","...","..."
"516","22121","MKB","Minda Kosei Bawal","Bawal","rooftop","487.62","...","...","...","..."
"517","22123","JS","Joseph Steel","Dubai","rooftop","527.56","...","...","...","..."
"518","22125","BWC","BorgWarner Cooling Systems India Pvt Ltd, Chennai","Kancheepuram","rooftop","337.5","...","...","...","..."
"519","22126","GPCG","Govt. Polytechnic College Gandhinagar","Gandhinagar","rooftop","166.2","...","...","...","..."
"520","22127","ACCT1","Amazon CCT1","Kolkata","rooftop","90","...","...","...","..."
"521","22128","KCL-T","Kokuyo Camlin Ltd, Thane","Thane","rooftop","501.22","...","...","...","..."
"522","22129","PIHPL-K","Pepsico India Holdings Pvt Ltd., Kosi","Mathura","rooftop","1413","...","...","...","..."
"523","22130","EI-T","Ecovinal International Pvt Ltd, Tumkur","Tumkur","rooftop","420","...","...","...","..."
"524","22132","WFML B","Wellness Forever Medicare Limited, Bhiwandi","Thane","rooftop","450.17","...","...","...","..."
"525","22133","SMC 1,2,3","SNOWMAN CHENNAI 1,2,3","Chennai","rooftop","202.2","...","...","...","..."
"526","22134","SLC4","Snowman Logistics Ltd, Chennai 4","Kanchipuram","rooftop","100.28","...","...","...","..."
"527","22135","SLC5","Snowman Logistics Ltd, Chennai 5","Kanchipuram","rooftop","250.02","...","...","...","..."
"528","22136","SL C","Snowman Logistics Ltd, Coimbatore","Coimbatore","rooftop","199.8","...","...","...","..."
"529","22137","USL","United Spirits Ltd","Bengaluru","ground","302.4","...","...","...","..."
"530","22138","JLEUP","Jyothy Labs Ltd, Pondicherry (EXO Unit)","Pondicherry","rooftop","546.3","...","...","...","..."
"531","22140","JLUUP","Jyothy Labs Ujala Unit, Puducherry","Pondicherry","rooftop","172.35","...","...","...","..."
"532","22142","SEI PL C","Schneider Electric India Pvt Ltd, Coimbatore","Coimbatore","rooftop","401","...","...","...","..."
"533","22143","SEI PL A","Schneider Electric India Pvt Ltd, Ahmednagar","Ahmed Nagar","rooftop","1802.86","...","...","...","..."
"534","22144","ZHLS U1","Zydus Healthcare Ltd, Unit-I, Sikkim","East Sikkim","rooftop","453.6","...","...","...","..."
"535","22145","SFLN","Sheela Foam Ltd, Greater Noida","Gautam Buddha Nagar","rooftop","317.09","...","...","...","..."
"536","22146","SFL P E","Sheela Foam Ltd, Perundurai, Erode","Erode","rooftop","270.35","...","...","...","..."
"537","22147","SFL S HP","Sheela Foam Ltd, Sirmour, HP","Sirmour","rooftop","173.31","...","...","...","..."
"538","22148","SFL M","Sheela Foam Ltd, Medchal","Hyderabad","rooftop","269.775","...","...","...","..."
"539","22149","SFL J EB","Sheela Foam Ltd, Jalpaiguri, WB","Jalpaiguri","rooftop","91.56","...","...","...","..."
"540","22150","HCSIPLB","Hanon Climate Systems India Pvt Ltd, Bhiwadi","Alwar","rooftop","505.05","...","...","...","..."
"541","22151","HCCBPL","HINDUSTAN COCA-COLA BEVERAGES PVT LTD, GOA","South Goa","rooftop","499.5","...","...","...","..."
"542","22152","HCCB PL V","Hindustan Coca-Cola Beverages Pvt Ltd, Vijayawada","Guntur","rooftop","999","...","...","...","..."
"543","22153","ACCB T","Hindustan Coca-Cola Beverages Pvt Ltd, Tiruvallur","Tiruvallur","rooftop","495","...","...","...","..."
"544","22154","PIH, C, PB","Pepsico India Holdings Pvt Ltd, Channo, PB","Sangrur","rooftop","104.4","...","...","...","..."
"545","23001","MKL - B","Minda Kyoraku Ltd, Bangalore","Ramanagar","rooftop","545.94","...","...","...","..."
"546","23002","AS","Avenue Supermarts Ltd, Suryabagh","Visakhapatnam","rooftop","219.09","...","...","...","..."
"547","23003","ZLL G","Zydus Lifesciences Ltd, Goa","NORTH GOA","rooftop","1298.7","...","...","...","..."
"548","23004","MFPPL P","Megha Fruit Processing Pvt Ltd, Puttur","Dakshina Kannada","rooftop","720.49","...","...","...","..."
"549","23006","MMB17","MetalMan B17","Aurangabad","rooftop","297","...","...","...","..."
"550","23007","SCM","Suryalakshmi Cotton Mills Ltd","Hyderabad","rooftop","450","...","...","...","..."
"551","23008","GI","Gemscab Industries","Pathredi","rooftop","704","...","...","...","..."
"552","23009","MP","Metalman Pithampur","Pithampur","rooftop","306","...","...","...","..."
"553","23010","MM B30/31","MetalMan B30/31","Aurangabad","rooftop","205","...","...","...","..."
"554","23011","NIP","National Industries Punjab","Ludhiana","rooftop","110.8","...","...","...","..."
"555","23012","CIP","Campbell International Punjab","Ludhiana","rooftop","169","...","...","...","..."
"556","23013","MMT","Metalman Micro Turners","Dharuhera","rooftop","656","...","...","...","..."
"557","23014","ICTPL","International Cargo Terminal Ltd Mumbai","Mumbai","rooftop","475","...","...","...","..."
"558","23015","RPL","Rhine Power Pvt Ltd","Bahadurgarh","rooftop","462","...","...","...","..."
"559","23016","F A4","Flash A4","Pune","rooftop","475.2","...","...","...","..."
"560","23017","FF A22","Flash Forge A22","Pune","rooftop","513.5","...","...","...","..."
"561","23018","FV","Flash Viven","Pune","rooftop","546","...","...","...","..."
"562","23019","MICT Uran","International Cargo Terminal And Infrastructure Pvt Ltd","Mumbai","rooftop","495","...","...","...","..."
"563","23020","DICT","International Cargo Terminal And Rail Infrastructure Pvt Ltd","Sonipat","rooftop","517.11","...","...","...","..."
"564","23021","BS","Boxeco Sonipat","Sonipat","rooftop","444.8","...","...","...","..."
"565","23022","Vivekananda University","Vivekananda Vidyavardhaka Sangha Puttur","Mangalore","rooftop","498.96","...","...","...","..."
"566","23023","LILB P195","Lumax Industries Ltd, Bawal (Plot 195)","Rewari","rooftop","300.6","...","...","...","..."
"567","23024","LAT - P","Lumax Auto Technologies Ltd, Pantnagar","Udham Singh Nagar","rooftop","388.8","...","...","...","..."
"568","23025","HB FIA - S","H.B. Fuller India Adhesives Pvt Ltd, Shriwal","Satara","rooftop","838.08","...","...","...","..."
"569","23026","MCL SSD-P","Minda Corporation Ltd, SSD(EME), Pune","Pune","rooftop","185.03","...","...","...","..."
"570","23027","V-GIL C","V-Guard Industries Ltd, Coimbatore, TN","Coimbatore","rooftop","1482.39","...","...","...","..."
"571","23028","V-GIL P","V-Guard Industries Ltd, Perundurai, TN","Erode","rooftop","199.36","...","...","...","..."
"572","23029","V-GIL R","V-Guard Industries Ltd, Roorkee, UK","Roorkee","rooftop","474.75","...","...","...","..."
"573","23030","ACP PL P","Autocomp Corporation Panse Pvt Ltd, Pune","Pune","rooftop","747.95","...","...","...","..."
"574","23031","UTCL-Bela","Ultratech Cement Ltd, Bela Cement","Rewa","ground","6017","...","...","...","..."
"575","23032","V-Gaurd IL K","V-Guard Industries Ltd, Kashipur, UK","Kashipur","rooftop","344.25","...","...","...","..."
"576","23033","ILIPL P","Idemitsu Lube India Pvt Ltd, Patalganga","Raigarh(MH)","rooftop","210.15","...","...","...","..."
"577","23035","ASL T","Avenue Supermarts Ltd, Tuticorn","Tuticorin","rooftop","100.28","...","...","...","..."
"578","23039","SLPL V","Synthokem Labs Pvt Ltd, Vizag","Vizag","rooftop","276.86","...","...","...","..."
"579","23040","ASL K","Avenue Supermarts Ltd, Komarapalayam","Namakkal","rooftop","99.9","...","...","...","..."
"580","23041","RLJ","Raymond Limited, Jalgaon","Jalgaon","rooftop","1000.08","...","...","...","..."
"581","23042","SDD PL GM","Schreiber Dynamix Dairies Pvt Ltd-GM","Pune","rooftop","4294.08","...","...","...","..."
"582","23043","UTCL Dalla","Ultratech Cement Ltd, Dalla Cement Works","Sonbhadra","ground","7550","...","...","...","..."
"583","23046","ASM D(Elevated)","Avenue Supermart Ltd, Dhule (Elevated)","Dhule","rooftop","177.125","...","...","...","..."
"584","23047","ASL D carport","Avenue Supermart Ltd, Dhule (Carport)","Dhule","rooftop","103.55","...","...","...","..."
"585","23048","ASL J","Avenue Supermart Ltd, Jule (Solapur 1)","Solapur","rooftop","112.5","...","...","...","..."
"586","23049","ASL BP","Avenue Supermart Ltd, Bhavani Peth (Solapur 2)","Solapur","rooftop","92.7","...","...","...","..."
"587","23050","VAI P","Voss Automotive India Pvt Ltd, Pirangut","Pune","rooftop","427.68","...","...","...","..."
"588","23052","PHPL P","Poclain Hydraulics Pvt Ltd, Pondicherry","Pondicherry","rooftop","299.16","...","...","...","..."
"589","23053","VHPL C","Vidya Herbs Pvt Ltd, Chikamagalur, KN","Chickmagalur","rooftop","475.2","...","...","...","..."
"590","23059","ASL W (carport)","Avenue Supermart Ltd, Wathoda (Carport)","Nagpur","rooftop","227.88","...","...","...","..."
"591","23063","A HYD 8 Ph-II","Amazon Seller Services Pvt Ltd (HYD-8), Ph-II","Hyderabad","rooftop","842.4","...","...","...","..."
"592","23064","ALK01 -P2","Amazon Seller Services Pvt Ltd, LKO1-Ph-II","Lucknow","rooftop","486","...","...","...","..."
"593","23065","ATS PL MAMA","Amazon Transportation Services Pvt Ltd, MAMA","Ahmedabad","rooftop","516.12","...","...","...","..."
"594","23066","ATSPL M","Amazon Transportation Services Pvt Ltd, MPNA","Pune","rooftop","507.6","...","...","...","..."
"595","23067","ASSPL PNQ3","Amazon Seller Services Pvt Ltd (PNQ3)","Pune","rooftop","1002.8","...","...","...","..."
"596","23069","ASL D MP","Avenue Supermarts Ltd, Dewas, MP","Dewas","rooftop","162","...","...","...","..."
"597","23071","ASL K P-2","Avenue Supermarts Ltd, Kanadia Ph-II","Indore","rooftop","136.08","...","...","...","..."
"598","23072","ASL N V","Avenue Supermarts Ltd, Nunna, Vijaywada","Krishna","rooftop","147.4","...","...","...","..."
"599","23075","MCIL A","Morganite Crucible India Ltd, Aurangabad, Ph-III","Aurangabad","rooftop","248.94","...","...","...","..."
"600","23076","DIL Ghaziabad","Dabur India Ltd, Ghaziabad","Ghaziabad","rooftop","648","...","...","...","..."
"601","23077","ASL G","Avenue Supermarts Ltd, Gulbarga","Gulbarga","rooftop","144.72","...","...","...","..."
"602","23078","ASL C","Avenue Supermarts Ltd, Carmelaram","Bangalore","rooftop","144.7","...","...","...","..."
"603","23079","D T&I","Dhunseri Tea & Industries Ltd (Dhunseri)","UDALGURI","rooftop","404.1","...","...","...","..."
"604","23080","D T&I (Bahipookri)","Dhunseri Tea & Industries Ltd (Bahipookri)","UDALGURI","rooftop","450","...","...","...","..."
"605","23081","D T&L I (Bettybari)","Dhunseri Tea & Industries Ltd (Bettybari)","UDALGURI","rooftop","446.9","...","...","...","..."
"606","23082","D T&I (Orang)","Dhunseri Tea & Industries Ltd (Orang)","UDALGURI","rooftop","369","...","...","...","..."
"607","23084","DTI L","Dixon Technologies India Ltd, Ludhiana","Ludhiana","rooftop","333.3","...","...","...","..."
"608","23087","TMP PL R","Tirumala Milk Products Pvt Ltd, Rangareddy","RANGAREDDY","rooftop","803","...","...","...","..."
"609","23090","GIL Hyd","Granules India Ltd, Hyderabad","Hyderabad","rooftop","461.16","...","...","...","..."
"610","23091","GC C","Greaves Cotton Ltd, Chikhalthana","Aurangabad","rooftop","700","...","...","...","..."
"611","23092","UTCL Arrakonam","Ultratech Cement Ltd, Arrakonam, TN","Vellore","rooftop","1526","...","...","...","..."
"612","23096","BI B&S B","Bauli India Bakes and Sweets Pvt Ltd, Baramati","Pune","rooftop","1341.5","...","...","...","..."
"613","23097","DK","Daimler Kanchipuram","Chennai","ground","1345.68","...","...","...","..."
"614","23100","CMI K","Cameron Manufacturing India Pvt Ltd, Kakinada","East Godavari","rooftop","117.175","...","...","...","..."
"615","23101","ATS M HR","Amazon Transportation Services Pvt Ltd, MDEA, HR","Gurgaon","rooftop","273","...","...","...","..."
"616","23105","PS","Project Shiva","Tuticorin","ground","0","...","...","...","..."
"617","23106","PET W sangareddy","Pinakin Educational Trust, Woxsen Univ, Sangareddy","SANGAREDDY","rooftop","327","...","...","...","..."
"618","23111","MMTC Mewat","MMTC-PAMP India Pvt Ltd, Mewat, HR","Gurgaon","rooftop","705.67","...","...","...","..."
"619","23112","SIE PL (carport)","Samsung India Electronics Pvt Ltd (Carport), Noida","Gautam Buddha Nagar","rooftop","247.43","...","...","...","..."
"620","23114","SML","Shankar Moulding Ltd, Bawal","Bawal","rooftop","389.13","...","...","...","..."
"621","23115","TAVS, Sonitpur","The Assam Valley School, Sonitpur","Sonitpur","rooftop","605","...","...","...","..."
"622","23116","B, C&C Manesar","Bennett, Coleman and Company Ltd (TOI), Manesar","Gurgaon","rooftop","620.46","...","...","...","..."
"623","23117","ASL V TN","Avenue Supermarts Ltd, Vellore, TN","Vellore","rooftop","99","...","...","...","..."
"624","23121","SKH M Shirur","SKH Sheet Metals Components Pvt Ltd, Shirur","Pune","rooftop","1012","...","...","...","..."
"625","23122","FSIPL","Fujifilm Sericol India Pvt Ltd, Plot 10 & 11","Pune","rooftop","51","...","...","...","..."
"626","23123","FSI Plot 47 & 48","Fujifilm Sericol India Pvt Ltd, Plot 47 & 48","Pune","rooftop","218.28","...","...","...","..."
"627","23133","PL","Project Laxmi","Jhansi","ground","0","...","...","...","..."
"628","23135","ASB","Avenue Supermarts Ltd, Bhatinda","Bathinda","rooftop","239.76","...","...","...","..."
"629","23150","EFD I Pvt.ltd, Bengaluru, P-2","EFD Induction Pvt Ltd, Bengaluru, Phase-II","Bangalore Rural","rooftop","139.7","...","...","...","..."
"630","88888","EMP1","Dubai load plant","Amoli","rooftop","0","...","...","...","..."
"631","90001","MLSU","Mirza_Load (Subros Limited B 188)","Noida","rooftop","0","...","...","...","..."
"632","90002","MLSU","Mirza_Load (DS Limited, Greater Noida)","Noida","rooftop","0","...","...","...","..."
"633","90003","MLSU","Mirza_Load (DS Limited -Sec-67 Noida)","Noida","rooftop","0","...","...","...","..."
"634","90004","MLSU","Mirza_Load (Sandarbh Foods , Sec-67 Noida )","Noida","rooftop","0","...","...","...","..."
"635","90005","MLSU","Mirza_Load (Adobe System, Sec-132 )","Noida","rooftop","0","...","...","...","..."
"636","90006","MLSU","Mirza_Load (Adobe System -Sec-25a )","Noida","rooftop","0","...","...","...","..."
"637","90008","MLSU","Mirza_Load (Moon Beverages Limited )","Noida","rooftop","0","...","...","...","..."
"638","90009","MLSU","Mirza_Load (Subros Limited B 216 )","Noida","rooftop","0","...","...","...","..."
"639","98765","DP","Demo Plant","Gurugram","rooftop","313","...","...","...","..."
"640","98766","Demo_1","Demo_1","Gurgaon","ground","400","...","...","...","..."
"641","98767","IREC","IREC Trade","Gurgaon","rooftop","0","...","...","...","..."